x_km,pantograph_voltage_kV,line_current_A,active_line_loss_kW,load_reactive_power_kvar,line_reactive_power_kvar
0.000000,25.000000,177.777778,0.000000,1937.288419,0.000000
0.100000,24.998895,177.785636,0.126431,1937.288419,0.189646
0.200000,24.997790,177.793496,0.252884,1937.288419,0.379326
0.300000,24.996685,177.801357,0.379360,1937.288419,0.569040
0.400000,24.995579,177.809220,0.505858,1937.288419,0.758787
0.500000,24.994474,177.817084,0.632378,1937.288419,0.948567
0.600000,24.993368,177.824949,0.758921,1937.288419,1.138382
0.700000,24.992263,177.832817,0.885486,1937.288419,1.328229
0.800000,24.991157,177.840685,1.012074,1937.288419,1.518111
0.900000,24.990051,177.848556,1.138684,1937.288419,1.708026
1.000000,24.988945,177.856428,1.265316,1937.288419,1.897975
1.100000,24.987839,177.864301,1.391971,1937.288419,2.087957
1.200000,24.986732,177.872176,1.518649,1937.288419,2.277973
1.300000,24.985626,177.880052,1.645348,1937.288419,2.468022
1.400000,24.984519,177.887930,1.772070,1937.288419,2.658106
1.500000,24.983413,177.895809,1.898815,1937.288419,2.848223
1.600000,24.982306,177.903690,2.025582,1937.288419,3.038373
1.700000,24.981199,177.911572,2.152372,1937.288419,3.228558
1.800000,24.980092,177.919456,2.279184,1937.288419,3.418776
1.900000,24.978985,177.927342,2.406019,1937.288419,3.609028
2.000000,24.977878,177.935229,2.532876,1937.288419,3.799313
2.100000,24.976771,177.943117,2.659755,1937.288419,3.989633
2.200000,24.975663,177.951007,2.786657,1937.288419,4.179986
2.300000,24.974556,177.958899,2.913582,1937.288419,4.370373
2.400000,24.973448,177.966792,3.040529,1937.288419,4.560794
2.500000,24.972340,177.974686,3.167499,1937.288419,4.751248
2.600000,24.971232,177.982582,3.294491,1937.288419,4.941737
2.700000,24.970125,177.990480,3.421506,1937.288419,5.132259
2.800000,24.969016,177.998379,3.548543,1937.288419,5.322815
2.900000,24.967908,178.006280,3.675603,1937.288419,5.513405
3.000000,24.966800,178.014182,3.802686,1937.288419,5.704029
3.100000,24.965691,178.022086,3.929791,1937.288419,5.894687
3.200000,24.964583,178.029991,4.056919,1937.288419,6.085378
3.300000,24.963474,178.037898,4.184069,1937.288419,6.276104
3.400000,24.962365,178.045806,4.311242,1937.288419,6.466863
3.500000,24.961256,178.053716,4.438438,1937.288419,6.657656
3.600000,24.960147,178.061627,4.565656,1937.288419,6.848484
3.700000,24.959038,178.069540,4.692897,1937.288419,7.039345
3.800000,24.957929,178.077454,4.820160,1937.288419,7.230240
3.900000,24.956820,178.085370,4.947446,1937.288419,7.421169
4.000000,24.955710,178.093288,5.074755,1937.288419,7.612133
4.100000,24.954600,178.101207,5.202087,1937.288419,7.803130
4.200000,24.953491,178.109127,5.329441,1937.288419,7.994161
4.300000,24.952381,178.117049,5.456818,1937.288419,8.185226
4.400000,24.951271,178.124973,5.584217,1937.288419,8.376326
4.500000,24.950161,178.132898,5.711639,1937.288419,8.567459
4.600000,24.949051,178.140825,5.839084,1937.288419,8.758626
4.700000,24.947940,178.148753,5.966552,1937.288419,8.949828
4.800000,24.946830,178.156683,6.094042,1937.288419,9.141063
4.900000,24.945719,178.164614,6.221555,1937.288419,9.332333
5.000000,24.944609,178.172547,6.349091,1937.288419,9.523637
5.100000,24.943498,178.180481,6.476650,1937.288419,9.714975
5.200000,24.942387,178.188417,6.604231,1937.288419,9.906347
5.300000,24.941276,178.196354,6.731835,1937.288419,10.097753
5.400000,24.940165,178.204293,6.859462,1937.288419,10.289194
5.500000,24.939054,178.212234,6.987112,1937.288419,10.480668
5.600000,24.937942,178.220176,7.114785,1937.288419,10.672177
5.700000,24.936831,178.228119,7.242480,1937.288419,10.863720
5.800000,24.935719,178.236064,7.370198,1937.288419,11.055297
5.900000,24.934607,178.244011,7.497939,1937.288419,11.246908
6.000000,24.933496,178.251959,7.625703,1937.288419,11.438554
6.100000,24.932384,178.259909,7.753489,1937.288419,11.630234
6.200000,24.931272,178.267860,7.881299,1937.288419,11.821948
6.300000,24.930159,178.275813,8.009131,1937.288419,12.013696
6.400000,24.929047,178.283767,8.136986,1937.288419,12.205479
6.500000,24.927935,178.291723,8.264864,1937.288419,12.397296
6.600000,24.926822,178.299681,8.392765,1937.288419,12.589147
6.700000,24.925710,178.307640,8.520689,1937.288419,12.781033
6.800000,24.924597,178.315600,8.648635,1937.288419,12.972953
6.900000,24.923484,178.323562,8.776605,1937.288419,13.164907
7.000000,24.922371,178.331526,8.904597,1937.288419,13.356896
7.100000,24.921258,178.339491,9.032613,1937.288419,13.548919
7.200000,24.920145,178.347458,9.160651,1937.288419,13.740976
7.300000,24.919031,178.355426,9.288712,1937.288419,13.933068
7.400000,24.917918,178.363396,9.416796,1937.288419,14.125194
7.500000,24.916804,178.371367,9.544903,1937.288419,14.317355
7.600000,24.915691,178.379340,9.673033,1937.288419,14.509550
7.700000,24.914577,178.387315,9.801186,1937.288419,14.701780
7.800000,24.913463,178.395291,9.929362,1937.288419,14.894044
7.900000,24.912349,178.403268,10.057561,1937.288419,15.086342
8.000000,24.911235,178.411248,10.185783,1937.288419,15.278675
8.100000,24.910120,178.419228,10.314028,1937.288419,15.471043
8.200000,24.909006,178.427210,10.442296,1937.288419,15.663445
8.300000,24.907891,178.435194,10.570587,1937.288419,15.855881
8.400000,24.906777,178.443180,10.698901,1937.288419,16.048352
8.500000,24.905662,178.451167,10.827238,1937.288419,16.240858
8.600000,24.904547,178.459155,10.955598,1937.288419,16.433398
8.700000,24.903432,178.467145,11.083982,1937.288419,16.625972
8.800000,24.902317,178.475137,11.212388,1937.288419,16.818582
8.900000,24.901202,178.483130,11.340817,1937.288419,17.011226
9.000000,24.900087,178.491124,11.469269,1937.288419,17.203904
9.100000,24.898971,178.499121,11.597745,1937.288419,17.396617
9.200000,24.897856,178.507119,11.726243,1937.288419,17.589365
9.300000,24.896740,178.515118,11.854765,1937.288419,17.782147
9.400000,24.895624,178.523119,11.983309,1937.288419,17.974964
9.500000,24.894508,178.531121,12.111877,1937.288419,18.167816
9.600000,24.893392,178.539125,12.240468,1937.288419,18.360702
9.700000,24.892276,178.547131,12.369082,1937.288419,18.553623
9.800000,24.891160,178.555138,12.497719,1937.288419,18.746579
9.900000,24.890043,178.563147,12.626380,1937.288419,18.939570
10.000000,24.888927,178.571157,12.755063,1937.288419,19.132595
10.100000,24.887810,178.579169,12.883770,1937.288419,19.325655
10.200000,24.886693,178.587183,13.012500,1937.288419,19.518750
10.300000,24.885576,178.595198,13.141253,1937.288419,19.711879
10.400000,24.884459,178.603214,13.270029,1937.288419,19.905043
10.500000,24.883342,178.611232,13.398828,1937.288419,20.098243
10.600000,24.882225,178.619252,13.527651,1937.288419,20.291476
10.700000,24.881108,178.627273,13.656497,1937.288419,20.484745
10.800000,24.879990,178.635296,13.785366,1937.288419,20.678049
10.900000,24.878873,178.643321,13.914258,1937.288419,20.871387
11.000000,24.877755,178.651347,14.043174,1937.288419,21.064760
11.100000,24.876637,178.659374,14.172112,1937.288419,21.258169
11.200000,24.875519,178.667403,14.301074,1937.288419,21.451612
11.300000,24.874401,178.675434,14.430060,1937.288419,21.645089
11.400000,24.873283,178.683466,14.559068,1937.288419,21.838602
11.500000,24.872165,178.691500,14.688100,1937.288419,22.032150
11.600000,24.871046,178.699536,14.817155,1937.288419,22.225733
11.700000,24.869928,178.707573,14.946234,1937.288419,22.419350
11.800000,24.868809,178.715611,15.075335,1937.288419,22.613003
11.900000,24.867691,178.723651,15.204460,1937.288419,22.806690
12.000000,24.866572,178.731693,15.333609,1937.288419,23.000413
